{
    "0": {
        "precision": 0.9811937857726901,
        "recall": 0.847457627118644,
        "f1-score": 0.9094353921940129,
        "support": 2832.0
    },
    "1": {
        "precision": 0.8616271620755925,
        "recall": 0.9831871345029239,
        "f1-score": 0.9184021850460908,
        "support": 2736.0
    },
    "accuracy": 0.9141522988505747,
    "macro avg": {
        "precision": 0.9214104739241413,
        "recall": 0.915322380810784,
        "f1-score": 0.9139187886200519,
        "support": 5568.0
    },
    "weighted avg": {
        "precision": 0.9224412206801508,
        "recall": 0.9141522988505747,
        "f1-score": 0.9138414886816719,
        "support": 5568.0
    }
}