{
    "0": {
        "precision": 0.8471031882070621,
        "recall": 0.8725282485875706,
        "f1-score": 0.8596277613498,
        "support": 2832.0
    },
    "1": {
        "precision": 0.8638249717087891,
        "recall": 0.8369883040935673,
        "f1-score": 0.8501949136810841,
        "support": 2736.0
    },
    "accuracy": 0.8550646551724138,
    "macro avg": {
        "precision": 0.8554640799579256,
        "recall": 0.854758276340569,
        "f1-score": 0.854911337515442,
        "support": 5568.0
    },
    "weighted avg": {
        "precision": 0.8553199266518763,
        "recall": 0.8550646551724138,
        "f1-score": 0.8549926551677587,
        "support": 5568.0
    }
}