{
    "0": {
        "precision": 0.9259771705292287,
        "recall": 0.945268361581921,
        "f1-score": 0.9355233269264371,
        "support": 2832.0
    },
    "1": {
        "precision": 0.942099364960777,
        "recall": 0.9217836257309941,
        "f1-score": 0.9318307777572511,
        "support": 2736.0
    },
    "accuracy": 0.9337284482758621,
    "macro avg": {
        "precision": 0.9340382677450028,
        "recall": 0.9335259936564575,
        "f1-score": 0.9336770523418441,
        "support": 5568.0
    },
    "weighted avg": {
        "precision": 0.9338992833102481,
        "recall": 0.9337284482758621,
        "f1-score": 0.9337088846622681,
        "support": 5568.0
    }
}