{
    "0": {
        "precision": 0.9344373099019939,
        "recall": 0.9763418079096046,
        "f1-score": 0.9549300638922466,
        "support": 2832.0
    },
    "1": {
        "precision": 0.9743196627060177,
        "recall": 0.929093567251462,
        "f1-score": 0.9511693171188026,
        "support": 2736.0
    },
    "accuracy": 0.953125,
    "macro avg": {
        "precision": 0.9543784863040058,
        "recall": 0.9527176875805332,
        "f1-score": 0.9530496905055246,
        "support": 5568.0
    },
    "weighted avg": {
        "precision": 0.9540346729177641,
        "recall": 0.953125,
        "f1-score": 0.9530821107363302,
        "support": 5568.0
    }
}